{"schemaVersion":"1.0","appDefinitionTemplate":{"id":"/providers/Microsoft.PowerApps/apps/","type":"Microsoft.PowerApps/apps","tags":{"primaryDeviceWidth":"1366","primaryDeviceHeight":"768","supportsPortrait":"true","supportsLandscape":"true","primaryFormFactor":"Tablet","showStatusBar":"false","publisherVersion":"3.25014.16","minimumRequiredApiVersion":"2.2.0","hasComponent":"false","hasUnlockedComponent":"false","isUnifiedRootApp":"false","sienaVersion":"20250212T093247Z-3.25014.16.0"},"properties":{"appVersion":"2025-02-12T09:32:47Z","lifeCycleId":"Published","createdByClientVersion":{"major":3,"minor":25014,"build":16,"revision":0,"majorRevision":0,"minorRevision":0},"minClientVersion":{"major":3,"minor":25014,"build":16,"revision":0,"majorRevision":0,"minorRevision":0},"backgroundColor":"RGBA(0,176,240,1)","backgroundImageUri":"/801065145300937011/N8dd332f2-64e3-4f41-ab11-2b635724bdaa-logoSmallFile","displayName":"STRABAG RAIL GBM - Urlaubsplanung","description":"kalender für urlaubsanträge","commitMessage":"","appUris":{"documentUri":{"value":"/801065145300937011/N9ec53c4e-fc1a-4330-9e60-e0f1a46d6a29-document.msapp"},"imageUris":[],"additionalUris":[{"isSolutionAware":false,"value":"/801065145300937011/N5a585b82-fa2e-42bc-999c-30c497a1ce82-identity.json"}]},"createdTime":"0001-01-01T00:00:00Z","lastModifiedTime":"0001-01-01T00:00:00Z","sharedGroupsCount":0,"sharedUsersCount":0,"connectionReferences":{"bdf714bd-8cf9-4e33-aed4-db07ca9bfdd1":{"id":"a23b95cc-8b54-45d9-94b8-df0cdfc0566e","displayName":"SharePoint","iconUri":"https://conn-afd-prod-endpoint-bmc9bqahasf3grgk.b01.azurefd.net/releases/v1.0.1723/1.0.1723.3986/sharepointonline/icon.png","dataSources":["Mitarbeiter_2","Mitarbeiter_3","Mitarbeiter_4","ProbePowerApp"],"dependencies":[],"dependents":[],"parameterHints":{},"parameterHintsV2":{},"isOnPremiseConnection":false,"bypassConsent":false,"dataSets":{"https://stracloud.sharepoint.com/sites/TeamBERGBM":{"dataSources":{"Mitarbeiter_2":{"tableName":"b7d092ce-e240-4d53-9449-2eb291225b19"},"Mitarbeiter_3":{"tableName":"b7d092ce-e240-4d53-9449-2eb291225b19"},"Mitarbeiter_4":{"tableName":"b7d092ce-e240-4d53-9449-2eb291225b19"}}},"https://stracloud.sharepoint.com/sites/TeamBERGBM-Bautagesbericht_Gleisbaumaschinen/Urlaubsplanung":{"dataSources":{"ProbePowerApp":{"tableName":"6260c400-1f0c-426f-adfe-9c0be9465d3a"}}}},"apiTier":"Standard","isCustomApiConnection":false,"actions":["providers/PowerPlatform.Governance/Operations/Read","providers/PowerPlatform.Governance/Operations/Write","providers/PowerPlatform.Governance/Operations/Delete"]}},"databaseReferences":{},"almMode":"Environment","performanceOptimizationEnabled":false,"canConsumeAppPass":false,"enableModernRuntimeMode":false,"executionRestrictions":{"isTeamsOnly":false,"dataLossPreventionEvaluationResult":{"status":"Compliant","lastEvaluationDate":"2024-12-13T08:42:50.0944972Z","violations":[],"violationsByPolicy":[],"violationErrorMessage":"The app uses the following connectors: shared_sharepointonline, shared_commondataservice."}}},"isAppComponentLibrary":false,"appType":"ClassicCanvasApp","appComponents":[]}}